{"cameraMode":{"drawMode":0,"name":"Shaded","section":"Shading Mode"},"sceneLighting":false,"audioPlay":false,"sceneViewState":{"showFog":true,"showMaterialUpdate":true,"showSkybox":false,"showFlares":true,"showImageEffects":true,"showParticleSystems":true},"in2DMode":false,"pivot":{"x":15.353853225708008,"y":-0.41814741492271426,"z":-0.040028899908065799},"rotation":{"x":-0.07959183305501938,"y":-0.9118330478668213,"z":0.2118794322013855,"w":-0.34259653091430666},"size":0.38995224237442019,"orthographic":false}