{"cameraMode":{"drawMode":0,"name":"Shaded","section":"Shading Mode"},"sceneLighting":false,"audioPlay":false,"sceneViewState":{"showFog":true,"showMaterialUpdate":false,"showSkybox":false,"showFlares":true,"showImageEffects":true,"showParticleSystems":true},"in2DMode":false,"pivot":{"x":7.959016799926758,"y":2.3011608123779299,"z":1.8200321197509766},"rotation":{"x":-0.1898278295993805,"y":0.7347429394721985,"z":-0.22874031960964204,"w":-0.6097513437271118},"size":5.81248140335083,"orthographic":false}