{"cameraMode":{"drawMode":0,"name":"Shaded","section":"Shading Mode"},"sceneLighting":false,"audioPlay":false,"sceneViewState":{"showFog":true,"showMaterialUpdate":true,"showSkybox":false,"showFlares":true,"showImageEffects":true,"showParticleSystems":true},"in2DMode":false,"pivot":{"x":70.47993469238281,"y":-0.07989417016506195,"z":53.840999603271487},"rotation":{"x":-0.1418554186820984,"y":-0.7399538159370422,"z":0.1649549901485443,"w":-0.6365461349487305},"size":3.021956443786621,"orthographic":false}