{"cameraMode":{"drawMode":0,"name":"Shaded","section":"Shading Mode"},"sceneLighting":true,"audioPlay":false,"sceneViewState":{"showFog":true,"showMaterialUpdate":true,"showSkybox":false,"showFlares":true,"showImageEffects":true,"showParticleSystems":true},"in2DMode":false,"pivot":{"x":3.464308500289917,"y":14.566169738769532,"z":-4.333104610443115},"rotation":{"x":-0.3630593717098236,"y":-0.6303720474243164,"z":0.42466190457344057,"w":-0.5389993190765381},"size":2.889094352722168,"orthographic":false}