{"cameraMode":{"drawMode":0,"name":"Shaded","section":"Shading Mode"},"sceneLighting":false,"audioPlay":false,"sceneViewState":{"showFog":true,"showMaterialUpdate":true,"showSkybox":false,"showFlares":true,"showImageEffects":true,"showParticleSystems":true},"in2DMode":false,"pivot":{"x":9.966060638427735,"y":-0.46046507358551028,"z":1.6347014904022217},"rotation":{"x":-0.14582663774490357,"y":0.3457677364349365,"z":-0.0544939823448658,"w":-0.9253326654434204},"size":2.0155673027038576,"orthographic":false}