{"cameraMode":{"drawMode":0,"name":"Shaded","section":"Shading Mode"},"sceneLighting":false,"audioPlay":false,"sceneViewState":{"showFog":true,"showMaterialUpdate":true,"showSkybox":false,"showFlares":true,"showImageEffects":true,"showParticleSystems":true},"in2DMode":false,"pivot":{"x":9.966060638427735,"y":-0.46046507358551028,"z":1.6347014904022217},"rotation":{"x":-0.12911389768123628,"y":-0.48614946007728579,"z":0.0728800892829895,"w":-0.8612245321273804},"size":2.0155673027038576,"orthographic":false}